{
  "checkpoints": [
    50,
    100,
    150,
    200,
    300,
    400,
    500
  ],
  "strategies": {
    "random": {
      "mean": [
        1.2,
        1.6,
        3.2,
        4.0,
        5.8,
        6.0,
        6.8
      ],
      "std": [
        0.9797958971132713,
        1.4966629547095767,
        1.469693845669907,
        1.4142135623730951,
        0.7483314773547882,
        0.6324555320336759,
        0.7483314773547882
      ],
      "per_seed": [
        [
          2.0,
          2.0,
          2.0,
          3.0,
          7.0,
          7.0,
          7.0
        ],
        [
          0.0,
          0.0,
          4.0,
          4.0,
          5.0,
          6.0,
          7.0
        ],
        [
          2.0,
          2.0,
          4.0,
          5.0,
          6.0,
          6.0,
          6.0
        ],
        [
          2.0,
          4.0,
          5.0,
          6.0,
          6.0,
          6.0,
          6.0
        ],
        [
          0.0,
          0.0,
          1.0,
          2.0,
          5.0,
          5.0,
          8.0
        ]
      ],
      "n_defects_total": 40,
      "n_found_at_budget": 34,
      "median_hit_step": 166.5
    },
    "lhs": {
      "mean": [
        0.8,
        1.2,
        2.4,
        3.0,
        4.4,
        6.2,
        7.0
      ],
      "std": [
        0.7483314773547883,
        0.7483314773547883,
        0.4898979485566356,
        0.6324555320336759,
        1.0198039027185568,
        1.16619037896906,
        0.8944271909999159
      ],
      "per_seed": [
        [
          1.0,
          1.0,
          3.0,
          3.0,
          3.0,
          5.0,
          6.0
        ],
        [
          1.0,
          1.0,
          2.0,
          3.0,
          4.0,
          7.0,
          8.0
        ],
        [
          0.0,
          2.0,
          2.0,
          2.0,
          5.0,
          6.0,
          7.0
        ],
        [
          2.0,
          2.0,
          3.0,
          3.0,
          4.0,
          5.0,
          6.0
        ],
        [
          0.0,
          0.0,
          2.0,
          4.0,
          6.0,
          8.0,
          8.0
        ]
      ],
      "n_defects_total": 40,
      "n_found_at_budget": 35,
      "median_hit_step": 270.0
    },
    "raster": {
      "mean": [
        1.6,
        2.8,
        4.6,
        6.0,
        8.0,
        8.0,
        8.0
      ],
      "std": [
        0.4898979485566356,
        0.7483314773547882,
        1.019803902718557,
        0.8944271909999159,
        0.0,
        0.0,
        0.0
      ],
      "per_seed": [
        [
          2.0,
          3.0,
          5.0,
          6.0,
          8.0,
          8.0,
          8.0
        ],
        [
          2.0,
          4.0,
          5.0,
          7.0,
          8.0,
          8.0,
          8.0
        ],
        [
          1.0,
          3.0,
          4.0,
          5.0,
          8.0,
          8.0,
          8.0
        ],
        [
          1.0,
          2.0,
          3.0,
          5.0,
          8.0,
          8.0,
          8.0
        ],
        [
          2.0,
          2.0,
          6.0,
          7.0,
          8.0,
          8.0,
          8.0
        ]
      ],
      "n_defects_total": 40,
      "n_found_at_budget": 40,
      "median_hit_step": 123.5
    },
    "active_hunt": {
      "mean": [
        1.2,
        2.2,
        5.4,
        6.8,
        8.0,
        8.0,
        8.0
      ],
      "std": [
        0.4,
        0.7483314773547882,
        0.7999999999999999,
        1.16619037896906,
        0.0,
        0.0,
        0.0
      ],
      "per_seed": [
        [
          1.0,
          2.0,
          4.0,
          5.0,
          8.0,
          8.0,
          8.0
        ],
        [
          1.0,
          2.0,
          6.0,
          8.0,
          8.0,
          8.0,
          8.0
        ],
        [
          1.0,
          1.0,
          5.0,
          7.0,
          8.0,
          8.0,
          8.0
        ],
        [
          2.0,
          3.0,
          6.0,
          8.0,
          8.0,
          8.0,
          8.0
        ],
        [
          1.0,
          3.0,
          6.0,
          6.0,
          8.0,
          8.0,
          8.0
        ]
      ],
      "n_defects_total": 40,
      "n_found_at_budget": 40,
      "median_hit_step": 129.0
    }
  },
  "mode": "defect_search",
  "config": {
    "mode": "defect_search",
    "out": "results/defect_search.json",
    "scene": {
      "grid": 64,
      "length_scale": 10.0,
      "field_kind": "smooth",
      "n_defects": 8,
      "defect_amplitude": 5.0,
      "defect_sigma": 2.0,
      "noise_sigma": 0.3
    },
    "strategies": [
      "random",
      "lhs",
      "raster",
      "active_hunt"
    ],
    "seeds": [
      0,
      1,
      2,
      3,
      4
    ],
    "checkpoints": [
      50,
      100,
      150,
      200,
      300,
      400,
      500
    ],
    "n_init": 16,
    "refit_every": 25,
    "kernel": "rbf"
  },
  "wall_time_s": 58.1
}