{
  "budget": 100,
  "reconstructors": [
    "gp_fitted",
    "gp_reference_tuned",
    "cubic_interp"
  ],
  "strategies": {
    "random": {
      "mean": [
        0.18624009506266745,
        0.18692004304650975,
        0.37384392621526114
      ],
      "std": [
        0.03197276293744838,
        0.03354315142354723,
        0.012192146514016934
      ],
      "per_seed": [
        [
          0.22890175668957208,
          0.23190544845094652,
          0.37168501453636593
        ],
        [
          0.17788513898678207,
          0.1774638079096782,
          0.36010862656563875
        ],
        [
          0.15193338951164817,
          0.15139087277890456,
          0.3897381375437788
        ]
      ]
    },
    "lhs": {
      "mean": [
        0.19990941722551434,
        0.20191210164975806,
        0.36938580760090006
      ],
      "std": [
        0.03154362300836773,
        0.03408845917345199,
        0.009473934111313151
      ],
      "per_seed": [
        [
          0.24330905360020882,
          0.2494772792524905,
          0.35773799485047447
        ],
        [
          0.16927349806239142,
          0.1713324559157521,
          0.3694756504155546
        ],
        [
          0.18714570001394265,
          0.1849265697810316,
          0.3809437775366711
        ]
      ]
    },
    "raster": {
      "mean": [
        0.18154366572257719,
        0.1803795631178274,
        0.31602061503773066
      ],
      "std": [
        0.021283916718939533,
        0.01905996453302784,
        0.019204110823154093
      ],
      "per_seed": [
        [
          0.21009497639270217,
          0.20471601710474838,
          0.3429342366603559
        ],
        [
          0.17552177683754439,
          0.17824757683029246,
          0.2994111010802915
        ],
        [
          0.15901424393748498,
          0.15817509541844135,
          0.3057165073725446
        ]
      ]
    },
    "active_variance": {
      "mean": [
        0.1553802108846816,
        0.15323747559748294,
        0.3152695760357736
      ],
      "std": [
        0.024797069070820327,
        0.02761988707802513,
        0.016934011493260896
      ],
      "per_seed": [
        [
          0.1860077016787669,
          0.18656483734774895,
          0.29618757902505827
        ],
        [
          0.15485867821928312,
          0.15421614327291056,
          0.3373425001889767
        ],
        [
          0.12527425275599477,
          0.1189314461717893,
          0.3122786488932858
        ]
      ]
    }
  },
  "note": "gp_reference_tuned uses hyperparameters fitted once per scene on an independent 1000-point random sample, so no strategy's own data influences them; cubic_interp is model-free.",
  "mode": "fairness",
  "config": {
    "mode": "fairness",
    "out": "results/fairness.json",
    "scene": {
      "grid": 64,
      "length_scale": 10.0,
      "field_kind": "smooth",
      "noise_sigma": 0.3
    },
    "budget": 100,
    "reference_points": 1000,
    "strategies": [
      "random",
      "lhs",
      "raster",
      "active_variance"
    ],
    "seeds": [
      0,
      1,
      2
    ],
    "n_init": 16,
    "refit_every": 25,
    "kernel": "rbf"
  },
  "wall_time_s": 104.1
}