{
  "noise_sigmas": [
    0.05,
    0.1,
    0.2,
    0.4,
    0.8,
    1.6
  ],
  "budget": 150,
  "strategies": {
    "random": {
      "mean": [
        0.032429352457272714,
        0.052606784797966766,
        0.09071969399033468,
        0.16280233579011613,
        0.28882230079256827,
        0.487774094960296
      ],
      "std": [
        0.0019214779952212544,
        0.0022864179604709382,
        0.00528191549466853,
        0.012758200202819099,
        0.023921609384406534,
        0.035995416089554054
      ],
      "per_seed": [
        [
          0.031440963438910986,
          0.05136724450528528,
          0.09062925005538296,
          0.16567520752427306,
          0.30748739397002434,
          0.5356267069280246
        ],
        [
          0.03511567649968506,
          0.055812906724723395,
          0.09723344066288836,
          0.17679209402988502,
          0.30392488906775805,
          0.4788844313905375
        ],
        [
          0.03073141743322209,
          0.05064020316389161,
          0.08429639125273272,
          0.14593970581619034,
          0.2550546193399224,
          0.44881114656232585
        ]
      ]
    },
    "lhs": {
      "mean": [
        0.03578360156199319,
        0.0601088392184724,
        0.09823817409866549,
        0.1561877884975553,
        0.2552189105527801,
        0.3857015525181889
      ],
      "std": [
        0.0076376296263027926,
        0.009970040402706139,
        0.009194662151492852,
        0.002457671604900663,
        0.025136860659642032,
        0.0566875163806242
      ],
      "per_seed": [
        [
          0.045144434964096695,
          0.07040456957655662,
          0.10540677894577655,
          0.1570046845414956,
          0.24434831156726422,
          0.3636318431483228
        ],
        [
          0.026436153901496805,
          0.04661825201705615,
          0.08525860443411971,
          0.15285363795886397,
          0.28996573003351317,
          0.46348150227648705
        ],
        [
          0.03577021582038607,
          0.0633036960618044,
          0.10404913891610024,
          0.15870504299230628,
          0.23134269005756294,
          0.32999131212975696
        ]
      ]
    },
    "active_variance": {
      "mean": [
        0.028456483212702527,
        0.05250639780481794,
        0.10407999769811822,
        0.18435720364572059,
        0.2758983234902208,
        0.5650196512825069
      ],
      "std": [
        0.0038578954693875723,
        0.006101110109369927,
        0.008946887638251268,
        0.006488155793197314,
        0.042825921382734396,
        0.05568941330283074
      ],
      "per_seed": [
        [
          0.03305234740177842,
          0.05017115900611118,
          0.11451955276973166,
          0.18086934048539138,
          0.28757453149488443,
          0.5009197163531289
        ],
        [
          0.023612267464335125,
          0.046480595788409206,
          0.09266893878869403,
          0.19345098939629657,
          0.21859334724569718,
          0.5574417890367843
        ],
        [
          0.028704834771994037,
          0.06086743861993341,
          0.10505150153592897,
          0.1787512810554738,
          0.32152709173008076,
          0.6366974484576076
        ]
      ]
    }
  },
  "mode": "noise_sweep",
  "config": {
    "mode": "noise_sweep",
    "out": "results/noise_sweep.json",
    "scene": {
      "grid": 64,
      "length_scale": 10.0,
      "field_kind": "smooth"
    },
    "budget": 150,
    "noise_sigmas": [
      0.05,
      0.1,
      0.2,
      0.4,
      0.8,
      1.6
    ],
    "strategies": [
      "random",
      "lhs",
      "active_variance"
    ],
    "seeds": [
      0,
      1,
      2
    ],
    "n_init": 16,
    "refit_every": 25,
    "kernel": "rbf"
  },
  "wall_time_s": 21.7
}