{
  "checkpoints": [
    25,
    50,
    75,
    100,
    150,
    200,
    300,
    400
  ],
  "strategies": {
    "lhs": {
      "mean": [
        0.6753735875157864,
        0.5692670977866243,
        0.5024028768021918,
        0.4795534520209891,
        0.44728168595169987,
        0.42825279653429743,
        0.36950039632617265,
        0.3583415240826656
      ],
      "std": [
        0.07721256331479186,
        0.07682488278988896,
        0.05896416167870163,
        0.051271655925844754,
        0.044823329650742955,
        0.06447962068102457,
        0.03484362862500028,
        0.03577436458109767
      ],
      "per_seed": [
        [
          0.6571180962400449,
          0.5628810079980255,
          0.5358377041889143,
          0.4618838000107605,
          0.4129156308401352,
          0.3893187659138356,
          0.35461973015386183,
          0.33855004831996127
        ],
        [
          0.8104078721346573,
          0.5958014832819006,
          0.5615326818069006,
          0.5328206422718286,
          0.49270125570720497,
          0.5071957496220817,
          0.40306467701573073,
          0.39490136564473965
        ],
        [
          0.6051636828064185,
          0.44043462013834533,
          0.3922351875385895,
          0.40125523366968674,
          0.3809069113182781,
          0.3581166116569133,
          0.3221074445522229,
          0.3042929325863529
        ],
        [
          0.600963722563157,
          0.5676559747172603,
          0.4957482296637465,
          0.4624849275071981,
          0.45413534916677567,
          0.38139975618007904,
          0.35172881233973846,
          0.35401923917682976
        ],
        [
          0.703214563834654,
          0.6795624027975901,
          0.5266605808128079,
          0.5393226566454715,
          0.4957492827261053,
          0.5052330992985777,
          0.41598131756930945,
          0.39994403468544426
        ]
      ],
      "budget_to_target": [
        328.74811213820107,
        null,
        222.54040376250765,
        null,
        null
      ]
    },
    "raster": {
      "mean": [
        0.7760251676792278,
        0.6274967483510795,
        0.5156119385867162,
        0.5018086838950888,
        0.48025871557252797,
        0.452712347729748,
        0.36696200291254844,
        0.3512899762751378
      ],
      "std": [
        0.10794565446657846,
        0.10056828286676886,
        0.07848807473078007,
        0.07395346993142247,
        0.08140024681005571,
        0.10056573900582795,
        0.03836296816364592,
        0.02596699874201509
      ],
      "per_seed": [
        [
          0.9290189384368561,
          0.7001284752858145,
          0.49467210292386654,
          0.4645556349192811,
          0.41650571113845003,
          0.39074845687584897,
          0.34614759474177925,
          0.3428358537842722
        ],
        [
          0.8224178969018349,
          0.6938629466182678,
          0.5896532889322028,
          0.5595327165543261,
          0.524094295767852,
          0.5074458087335958,
          0.41954009239884377,
          0.3724432010128577
        ],
        [
          0.6901883911534902,
          0.49050431750329204,
          0.41706371478444315,
          0.42324418760010446,
          0.3999080269216439,
          0.3628746524008109,
          0.30923656707586583,
          0.30741497606236545
        ],
        [
          0.6220720668160901,
          0.5213248030918203,
          0.4542614060094837,
          0.44493129694592476,
          0.44190289451612713,
          0.37684757226029764,
          0.3642639251911622,
          0.3520200979643337
        ],
        [
          0.8164285450878678,
          0.7316631992562033,
          0.6224091802835848,
          0.6167795834558075,
          0.6188826495185668,
          0.6256452483781869,
          0.3956218351550911,
          0.3817357525518599
        ]
      ],
      "budget_to_target": [
        291.3624870150706,
        null,
        224.0028187486838,
        null,
        null
      ]
    },
    "active_variance": {
      "mean": [
        0.6894473498457907,
        0.5747813451694823,
        0.542212660208413,
        0.46585970107810076,
        0.4327889244357001,
        0.4071578591297075,
        0.3802848198187897,
        0.36088303960132884
      ],
      "std": [
        0.11856038093522145,
        0.06686379277235276,
        0.06293391425498795,
        0.06907300095623518,
        0.05224562719006057,
        0.04201724173465508,
        0.04142982641338269,
        0.03530790735282525
      ],
      "per_seed": [
        [
          0.6376341216902933,
          0.5338080173230773,
          0.590111608695034,
          0.45589451976970213,
          0.3982447973965565,
          0.36522079655169704,
          0.33538382647819026,
          0.3358819178158334
        ],
        [
          0.7518873151362514,
          0.5745402974302317,
          0.571164618658251,
          0.49552177809417153,
          0.5057416875000381,
          0.4604969328647319,
          0.4308064233653767,
          0.3992817674821481
        ],
        [
          0.5444398007345899,
          0.508536000047952,
          0.4637209034023015,
          0.38409452528175225,
          0.3686373009400387,
          0.3596751526943604,
          0.3346972656743563,
          0.3108313718551948
        ],
        [
          0.6269397042926026,
          0.5560104445505336,
          0.4705466706491815,
          0.4124412686794021,
          0.40901451832037294,
          0.3995276661235103,
          0.3764280153785103,
          0.3573377859911751
        ],
        [
          0.8863358073752158,
          0.7010119664956168,
          0.6155194996372967,
          0.5813464135654759,
          0.48230631802149426,
          0.4508687474142378,
          0.4241085681975151,
          0.4010823548622928
        ]
      ],
      "budget_to_target": [
        251.0132111745894,
        null,
        238.7348725158852,
        null,
        null
      ]
    },
    "active_gradient": {
      "mean": [
        0.7149683746914892,
        0.5857784068380931,
        0.4711548525235082,
        0.45125690842724575,
        0.4067321785042936,
        0.37970429634746644,
        0.3593105129419507,
        0.34178757476328864
      ],
      "std": [
        0.09272425002407636,
        0.09112874602016227,
        0.05984078522173773,
        0.0610810215030831,
        0.0314874608038924,
        0.023439631857115496,
        0.021537761485587843,
        0.01847263995665561
      ],
      "per_seed": [
        [
          0.6525672799007891,
          0.5941293751358564,
          0.44603378443650565,
          0.4301285191335206,
          0.38123257785466014,
          0.360859837981593,
          0.3441984577254362,
          0.32976708116890324
        ],
        [
          0.7936457159577618,
          0.5806751186946367,
          0.47462952443400314,
          0.458351101887183,
          0.4331878510941364,
          0.39630368722885645,
          0.3767382576327832,
          0.36748602604524755
        ],
        [
          0.6668479431674098,
          0.4910244645820417,
          0.4225849710067872,
          0.39711295872041646,
          0.37041497038347143,
          0.35435039306023997,
          0.33153861058243794,
          0.3151641786121384
        ],
        [
          0.6082480804523073,
          0.512658807711538,
          0.4274046999355539,
          0.40502779374984155,
          0.39557679583666155,
          0.37012904843513894,
          0.3534377134485454,
          0.3408883180330615
        ],
        [
          0.8535328539791786,
          0.7504042680663934,
          0.5851212828046911,
          0.565664168645267,
          0.45324869735253864,
          0.4168785150315039,
          0.39063952532055085,
          0.35563226995709235
        ]
      ],