{
  "checkpoints": [
    25,
    50,
    75,
    100,
    150,
    200,
    300,
    400
  ],
  "strategies": {
    "random": {
      "mean": [
        0.5444408479314455,
        0.32193364733406293,
        0.22312510575376193,
        0.20170274098979296,
        0.1579218021925875,
        0.1456649343037868,
        0.11636200249153009,
        0.10037879322870122
      ],
      "std": [
        0.13493195836031277,
        0.06588522891507859,
        0.024209359985965177,
        0.03988838746491646,
        0.017420508804887082,
        0.018141146470165473,
        0.018362408250617693,
        0.013301945220061041
      ],
      "per_seed": [
        [
          0.6529759381458146,
          0.4070665672262509,
          0.2383069165318925,
          0.21157465329665406,
          0.17395983954564426,
          0.16232432483448656,
          0.12956960608308385,
          0.1155741579737275
        ],
        [
          0.7226943694590539,
          0.25452719398136975,
          0.20597737641098077,
          0.14080397087969904,
          0.13045383110678285,
          0.11555381736526893,
          0.08203406458530124,
          0.07582675734983663
        ],
        [
          0.5057027205762012,
          0.3054599204914266,
          0.2130467281380257,
          0.1923843787591973,
          0.16866184739424347,
          0.1527731645137427,
          0.1344881933005805,
          0.09969177916269156
        ],
        [
          0.33319800637684477,
          0.25187780035760404,
          0.19574195992272023,
          0.19839626982073427,
          0.14430114562303123,
          0.1348609103060385,
          0.11787943810934103,
          0.1056212748237785
        ],
        [
          0.5076332050993128,
          0.3907367546136635,
          0.2625525477651903,
          0.26535443219268,
          0.17223234729323578,
          0.16281245449939727,
          0.11783871037934378,
          0.10517999683347189
        ]
      ],
      "budget_to_target": [
        237.6261048920128,
        96.47247637079242,
        215.1663597465578,
        144.73256188844212,
        228.4887432658387
      ]
    },
    "lhs": {
      "mean": [
        0.4040541564693819,
        0.2738709517381043,
        0.19419754002474449,
        0.19822111617750474,
        0.14154968427542297,
        0.13610985334563658,
        0.09920701965419632,
        0.09083384889411383
      ],
      "std": [
        0.10550604529854259,
        0.041614810800572354,
        0.02536222938332036,
        0.01804148748287542,
        0.013432507092187181,
        0.012656737139527733,
        0.008770763103037286,
        0.008057876310453179
      ],
      "per_seed": [
        [
          0.6017149542455354,
          0.3350439006319666,
          0.17883084548244893,
          0.189502832168947,
          0.12955631090607492,
          0.14801377774195518,
          0.08352287553489152,
          0.09161249579377614
        ],
        [
          0.3614161803942008,
          0.2899528850878052,
          0.23135810672773585,
          0.22590056527410482,
          0.13824569724212998,
          0.15017836793933415,
          0.09677619421668388,
          0.10305083377650277
        ],
        [
          0.38816104461261614,
          0.2072770089126552,
          0.1574328735427838,
          0.2123199131871289,
          0.13889224035524134,
          0.1223490981009588,
          0.1065117584136645,
          0.07838357060390433
        ],
        [
          0.28530235761782113,
          0.2776679980527066,
          0.19345289056392648,
          0.18616658765106736,
          0.1675440543143853,
          0.1200687847182037,
          0.10137636739316733,
          0.08742846502473367
        ],
        [
          0.3836762454767358,
          0.25941296600538777,
          0.20991298380682732,
          0.17721568260627552,
          0.13351011855928338,
          0.13993923822773113,
          0.10784790271257437,
          0.09369387927165221
        ]
      ],
      "budget_to_target": [
        132.94839411591772,
        143.29512266587278,
        142.43625787365627,
        168.47704548453618,
        131.13526069245242
      ]
    },
    "raster": {
      "mean": [
        0.4613418200033809,
        0.31944478792356,
        0.19809071036388856,
        0.18370307965537297,
        0.1682897305354848,
        0.15017191195816854,
        0.10843889597108022,
        0.10607186008362297
      ],
      "std": [
        0.09328394565649162,
        0.05307183976116552,
        0.021456442871264202,
        0.01748386174944624,
        0.010289393158873592,
        0.005069207603788534,
        0.012539975262238625,
        0.01363898661367831
      ],
      "per_seed": [
        [
          0.5462204738285623,
          0.41956130400326924,
          0.22564635242079223,
          0.21009497639270217,
          0.1785399508539667,
          0.15441663038039227,
          0.11592958631847813,
          0.11797211745034368
        ],
        [
          0.3373646711126306,
          0.2884445021358806,
          0.18686602345356038,
          0.17552177683754439,
          0.1753989427466878,
          0.15369920909365795,
          0.10037511863451244,
          0.09472289516467913
        ],
        [
          0.36551374318144947,
          0.27382901513747304,
          0.17015966384607017,
          0.15901424393748498,
          0.1540987081421945,
          0.15384634347161943,
          0.08862672525364076,
          0.08666063639116689
        ],
        [
          0.492410442492747,
          0.32695373735855204,
          0.18702120835929462,
          0.17874345791700813,
          0.15755824130517235,
          0.14136543957907585,
          0.12432443605915906,
          0.12274925768561201
        ],
        [
          0.5651997694015152,
          0.2884353809826253,
          0.22076030373972544,
          0.19514094319212522,
          0.17585280962940267,
          0.14753193726609728,
          0.1129386135896107,
          0.10825439372631307
        ]
      ],
      "budget_to_target": [
        211.47562897604513,
        206.9372192977058,
        205.89752527953183,
        173.33827534302299,
        195.64267883022467
      ]
    },
    "active_variance": {
      "mean": [
        0.34062799691106926,
        0.20675510511847942,
        0.17977150306196366,
        0.1532206433226675,
        0.1363638858384316,
        0.11726687745422175,
        0.09750595489631877,
        0.08023563682374393
      ],
      "std": [
        0.07655653735204375,
        0.033076510391982804,
        0.014853002915648611,
        0.019591820433994798,
        0.012251311874125781,
        0.00797927628357915,
        0.008183858339709338,
        0.006961870733864632
      ],