{
  "defect_sigmas": [
    1.0,
    1.5,
    2.0,
    3.0
  ],
  "budget": 300,
  "strategies": {
    "lhs": {
      "mean": [
        0.375,
        0.4166666666666667,
        0.7083333333333334,
        1.0
      ],
      "std": [
        0.10206207261596575,
        0.11785113019775792,
        0.05892556509887896,
        0.0
      ],
      "per_seed": [
        [
          0.25,
          0.25,
          0.75,
          1.0
        ],
        [
          0.375,
          0.5,
          0.625,
          1.0
        ],
        [
          0.5,
          0.5,
          0.75,
          1.0
        ]
      ]
    },
    "raster": {
      "mean": [
        0.16666666666666666,
        0.5,
        1.0,
        1.0
      ],
      "std": [
        0.11785113019775792,
        0.10206207261596575,
        0.0,
        0.0
      ],
      "per_seed": [
        [
          0.25,
          0.625,
          1.0,
          1.0
        ],
        [
          0.0,
          0.375,
          1.0,
          1.0
        ],
        [
          0.25,
          0.5,
          1.0,
          1.0
        ]
      ]
    },
    "active_hunt": {
      "mean": [
        0.3333333333333333,
        0.625,
        1.0,
        1.0
      ],
      "std": [
        0.11785113019775792,
        0.27003086243366087,
        0.0,
        0.0
      ],
      "per_seed": [
        [
          0.5,
          0.5,
          1.0,
          1.0
        ],
        [
          0.25,
          0.375,
          1.0,
          1.0
        ],
        [
          0.25,
          1.0,
          1.0,
          1.0
        ]
      ]
    }
  },
  "mode": "size_sweep",
  "config": {
    "mode": "size_sweep",
    "out": "results/size_sweep.json",
    "scene": {
      "grid": 64,
      "length_scale": 10.0,
      "field_kind": "smooth",
      "n_defects": 8,
      "defect_amplitude": 5.0,
      "noise_sigma": 0.3
    },
    "budget": 300,
    "defect_sigmas": [
      1.0,
      1.5,
      2.0,
      3.0
    ],
    "strategies": [
      "lhs",
      "raster",
      "active_hunt"
    ],
    "seeds": [
      0,
      1,
      2
    ],
    "n_init": 16,
    "refit_every": 25,
    "kernel": "rbf"
  },
  "wall_time_s": 36.9
}