{
  "defect_counts": [
    2,
    4,
    8,
    16
  ],
  "budget": 300,
  "strategies": {
    "random": {
      "mean": [
        1.0,
        0.9166666666666666,
        0.8333333333333334,
        0.7291666666666666
      ],
      "std": [
        0.0,
        0.11785113019775792,
        0.11785113019775792,
        0.07795119555779044
      ],
      "per_seed": [
        [
          1.0,
          1.0,
          1.0,
          0.8125
        ],
        [
          1.0,
          1.0,
          0.75,
          0.75
        ],
        [
          1.0,
          0.75,
          0.75,
          0.625
        ]
      ]
    },
    "lhs": {
      "mean": [
        0.6666666666666666,
        0.5833333333333334,
        0.7083333333333334,
        0.75
      ],
      "std": [
        0.23570226039551584,
        0.11785113019775792,
        0.05892556509887896,
        0.1767766952966369
      ],
      "per_seed": [
        [
          0.5,
          0.75,
          0.75,
          0.875
        ],
        [
          0.5,
          0.5,
          0.625,
          0.5
        ],
        [
          1.0,
          0.5,
          0.75,
          0.875
        ]
      ]
    },
    "active_hunt": {
      "mean": [
        1.0,
        1.0,
        1.0,
        0.9583333333333334
      ],
      "std": [
        0.0,
        0.0,
        0.0,
        0.02946278254943948
      ],
      "per_seed": [
        [
          1.0,
          1.0,
          1.0,
          0.9375
        ],
        [
          1.0,
          1.0,
          1.0,
          0.9375
        ],
        [
          1.0,
          1.0,
          1.0,
          1.0
        ]
      ]
    }
  },
  "mode": "sparsity_sweep",
  "config": {
    "mode": "sparsity_sweep",
    "out": "results/sparsity_sweep.json",
    "scene": {
      "grid": 64,
      "length_scale": 10.0,
      "field_kind": "smooth",
      "defect_amplitude": 5.0,
      "defect_sigma": 2.0,
      "noise_sigma": 0.3
    },
    "budget": 300,
    "defect_counts": [
      2,
      4,
      8,
      16
    ],
    "strategies": [
      "random",
      "lhs",
      "active_hunt"
    ],
    "seeds": [
      0,
      1,
      2
    ],
    "n_init": 16,
    "refit_every": 25,
    "kernel": "rbf"
  },
  "wall_time_s": 37.2
}